<?xml version="1.0" encoding="UTF-8" ?>
<!--
 ! (c) Copyright 2005-2012 JAXIO, www.jaxio.com
 ! Source code generated by Celerio, a Jaxio product
 ! Want to use Celerio within your company? email us at info@jaxio.com
 ! Follow us on twitter: @springfuse
 ! Template pack-backend-sd:src/main/resources/localization/domain/domain.e.vm.xml
-->
<!DOCTYPE properties SYSTEM "http://java.sun.com/dtd/properties.dtd">
<properties>
	<comment>Domain resources for Account</comment>

	<entry key="account">Account</entry>

	<!-- Attributes -->
	<entry key="account_id">Id</entry>
	<entry key="account_username">Username</entry>
	<entry key="account_password">Password</entry>
	<entry key="account_email">Email</entry>
	<entry key="account_isEnabled">Is Enabled?</entry>
	<entry key="account_civility">Civility</entry>
	<entry key="account_firstName">First Name</entry>
	<entry key="account_lastName">Last Name</entry>
	<entry key="account_birthDate">Birth Date</entry>
	<entry key="account_addressId">Address Id</entry>
	<entry key="account_version">Version</entry>

	<!-- Booleans values -->
	<entry key="account_isEnabled_true">Yes</entry>
	<entry key="account_isEnabled_false">No</entry>

	<!-- Enums values -->
	<!--MR in database -->
	<entry key="Civility_MR">Mister</entry>
	<!--MS in database -->
	<entry key="Civility_MS">Miss</entry>

	<!-- x-to-one -->
	<entry key="account_homeAddress">Home Address</entry>

    <!-- one-to-many -->
    <entry key="account_books">Books</entry>
    <entry key="account_documents">Documents</entry>

	<!-- many-to-many -->
	<entry key="account_roles">Roles</entry>
</properties>