<?xml version="1.0" encoding="UTF-8" ?>
<!--
 ! (c) Copyright 2005-2012 JAXIO, www.jaxio.com
 ! Source code generated by Celerio, a Jaxio product
 ! Want to use Celerio within your company? email us at info@jaxio.com
 ! Follow us on twitter: @springfuse
 ! Template pack-backend-sd:src/main/resources/localization/domain/domain.e.vm.xml
-->
<!DOCTYPE properties SYSTEM "http://java.sun.com/dtd/properties.dtd">
<properties>
	<comment>Domain resources for Book</comment>

	<entry key="book">Book</entry>

	<!-- Attributes -->
	<entry key="book_id">Id</entry>
	<entry key="book_accountId">Account Id</entry>
	<entry key="book_title">Title</entry>
	<entry key="book_numberOfPages">Number Of Pages</entry>
	<entry key="book_version">Version</entry>

	<!-- x-to-one -->
	<entry key="book_account">Account</entry>
</properties>