<?xml version="1.0" encoding="UTF-8" ?>
<!--
 ! (c) Copyright 2005-2012 JAXIO, www.jaxio.com
 ! Source code generated by Celerio, a Jaxio product
 ! Want to use Celerio within your company? email us at info@jaxio.com
 ! Follow us on twitter: @springfuse
 ! Template pack-backend-sd:src/main/resources/localization/domain/domain_fr.e.vm.xml
-->
<!DOCTYPE properties SYSTEM "http://java.sun.com/dtd/properties.dtd">
<properties>
	<comment>Domain resources for Document for the french locale</comment>

	<entry key="document">Document</entry>

	<!-- Attributes -->
	<entry key="document_id">Id</entry>
	<entry key="document_accountId">Account Id</entry>
	<entry key="document_documentContentType">Document Content Type</entry>
	<entry key="document_documentSize">Document Size</entry>
	<entry key="document_documentFileName">Document File Name</entry>
	<entry key="document_documentBinary">Document Binary</entry>
	<entry key="document_version">Version</entry>

	<!-- x-to-one -->
	<entry key="document_account">Account</entry>
</properties>