<?xml version="1.0" encoding="UTF-8" ?>
<!--
 ! (c) Copyright 2005-2012 JAXIO, www.jaxio.com
 ! Source code generated by Celerio, a Jaxio product
 ! Want to use Celerio within your company? email us at info@jaxio.com
 ! Follow us on twitter: @springfuse
 ! Template pack-backend-sd:src/main/resources/localization/domain/domain_fr.e.vm.xml
-->
<!DOCTYPE properties SYSTEM "http://java.sun.com/dtd/properties.dtd">
<properties>
	<comment>Domain resources for Legacy for the french locale</comment>

	<entry key="legacy">Legacy</entry>

	<!-- Attributes -->
	<entry key="legacy_name">Name</entry>
	<entry key="legacy_code">Code</entry>
	<entry key="legacy_dept">Dept</entry>
	<entry key="legacy_extraInfo">Extra Info</entry>
</properties>