<?xml version="1.0" encoding="UTF-8"?>
<!--
 ! (c) Copyright 2005-2012 JAXIO, www.jaxio.com
 ! Source code generated by Celerio, a Jaxio product
 ! Want to use Celerio within your company? email us at info@jaxio.com
 ! Follow us on twitter: @springfuse
 ! Template pack-backend-sd:src/main/resources/spring/applicationContext.p.vm.spring3.xml
-->
<beans default-lazy-init="true" xmlns="http://www.springframework.org/schema/beans" xmlns:xsi="http://www.w3.org/2001/XMLSchema-instance" xmlns:context="http://www.springframework.org/schema/context"
	xmlns:util="http://www.springframework.org/schema/util" xmlns:security="http://www.springframework.org/schema/security" xmlns:tx="http://www.springframework.org/schema/tx"
	xmlns:mvc="http://www.springframework.org/schema/mvc" xmlns:p="http://www.springframework.org/schema/p" xmlns:task="http://www.springframework.org/schema/task" xmlns:aop="http://www.springframework.org/schema/aop"
    xmlns:jpa="http://www.springframework.org/schema/data/jpa"
	xsi:schemaLocation="
			http://www.springframework.org/schema/beans http://www.springframework.org/schema/beans/spring-beans-3.0.xsd
			http://www.springframework.org/schema/context http://www.springframework.org/schema/context/spring-context-3.0.xsd
			http://www.springframework.org/schema/util http://www.springframework.org/schema/util/spring-util-3.0.xsd
			http://www.springframework.org/schema/security http://www.springframework.org/schema/security/spring-security-3.0.xsd
			http://www.springframework.org/schema/tx http://www.springframework.org/schema/tx/spring-tx-3.0.xsd
			http://www.springframework.org/schema/mvc http://www.springframework.org/schema/mvc/spring-mvc-3.0.xsd
			http://www.springframework.org/schema/task http://www.springframework.org/schema/task/spring-task-3.0.xsd
			http://www.springframework.org/schema/aop http://www.springframework.org/schema/aop/spring-aop-3.0.xsd
            http://www.springframework.org/schema/data/jpa http://www.springframework.org/schema/data/jpa/spring-jpa.xsd">
	<description><![CDATA[
		Main entry point for spring configuration
	]]></description>

	<!-- context -->
	<context:component-scan base-package="com.company.demo" name-generator="com.company.demo.util.WithoutTrailingImplBeanNameGenerator">
		<!-- Let springmvc context scan the web package -->
		<context:exclude-filter type="regex" expression="com/company/demo/web/.*" />
	</context:component-scan>
	<context:property-placeholder location="classpath*:database.properties,classpath*:hibernate.properties" />

	<!-- security -->
	<security:authentication-manager>
		<security:authentication-provider user-service-ref="userDetailsService" />
	</security:authentication-manager>
	<security:global-method-security jsr250-annotations="enabled" />

	<!-- spring transaction -->
	<tx:annotation-driven />

	<!-- scheduling and async -->
	<task:scheduler id="myScheduler" pool-size="10" />
	<task:executor id="myExecutor" pool-size="5" />
	<task:annotation-driven scheduler="myScheduler" executor="myExecutor" />

	<!-- datasource -->
	<bean id="dataSource" class="org.apache.commons.dbcp.BasicDataSource" 
		destroy-method="close" 
		lazy-init="false" 
		p:driverClassName="${jdbc.driver}" 
		p:url="${jdbc.url}"
		p:username="${jdbc.user}" 
		p:password="${jdbc.password}" 
		p:initialSize="5" 
		p:maxActive="100" 
		p:maxIdle="30" 
		p:maxWait="1000" 
		p:poolPreparedStatements="true"
		p:defaultAutoCommit="false" 
		p:removeAbandoned="true" 
		p:removeAbandonedTimeout="60">
		<description>
			Simple datasource. This is a direct access to the datasource that can be used for specific queries that need to bypass hibernate functionalities.
			However, if you
			need to use JDBC, please look at hibernate SQL-QUERIES, they would most probably be a more elegant way to solve your problem.
		</description>
	</bean>

	<!-- jmx -->
	<context:mbean-server />
	<context:mbean-export registration="ignoreExisting" default-domain="myproject" />
	
	<!-- jpa -->
    <jpa:repositories base-package="com.company.demo.repository" factory-class="com.company.demo.repository.support.CustomRepositoryFactoryBean" transaction-manager-ref="transactionManager" entity-manager-factory-ref="entityManagerFactory"/>
    
	<bean id="transactionManager" class="org.springframework.orm.jpa.JpaTransactionManager" 
		p:entityManagerFactory-ref="entityManagerFactory">
		<description>Please read http://www.springframework.org/docs/reference/transaction.html</description>
	</bean>
	<bean id="hibernateJpaVendorAdapter" class="org.springframework.orm.jpa.vendor.HibernateJpaVendorAdapter">
		<description>Allow spring to configure hibernate specific settings</description>
	</bean>
	<bean id="entityManagerFactory" class="org.springframework.orm.jpa.LocalContainerEntityManagerFactoryBean" 
		p:dataSource-ref="dataSource" 
		p:persistenceUnitName="myprojectPU"
		p:jpaVendorAdapter-ref="hibernateJpaVendorAdapter" 
		p:jpaProperties="classpath:hibernate.properties">
		<description>Build the entity manager with Hibernate as a provider</description>
	</bean>
	<util:property-path id="sessionFactory" path="entityManagerFactory.sessionFactory" />

	<!-- bean validation -->
	<bean id="validator" class="org.springframework.validation.beanvalidation.LocalValidatorFactoryBean"
		p:validationMessageSource-ref="messageSource">
		<description>Enable the bean validation provider, and configure it to use the messageSource when resolving properties</description>
	</bean>

	<!-- localization -->
	<bean id="messageSource" class="org.springframework.context.support.ReloadableResourceBundleMessageSource"
		p:fallbackToSystemLocale="false"
		p:useCodeAsDefaultMessage="true"
		p:defaultEncoding="UTF-8">
		<description>Base message source to handle internationalization</description>
		<property name="basenames">
			<list>
				<!-- main resources -->
				<value>classpath:localization/application</value>
				<value>classpath:localization/messages</value>
				<!-- generated domain resources -->
				<value>classpath:localization/domain-generated/Account</value>
				<value>classpath:localization/domain-generated/Address</value>
				<value>classpath:localization/domain-generated/Book</value>
				<value>classpath:localization/domain-generated/Document</value>
				<value>classpath:localization/domain-generated/Legacy</value>
				<value>classpath:localization/domain-generated/MoreTypesDemo</value>
				<value>classpath:localization/domain-generated/Role</value>
				<!-- default spring security messages -->
				<value>classpath:org/springframework/security/messages</value>
                <!-- our bean validation messages -->
				<value>classpath:ValidationMessages</value>
                <!-- default conversion messages -->                
                <value>classpath:javax/faces/Messages</value>
                <!-- default bean validation messages -->                
				<value>classpath:org/hibernate/validator/ValidationMessages</value>
			</list>
		</property>
	</bean>
</beans>